{"cameraMode":{"drawMode":0,"name":"Shaded","section":"Shading Mode"},"sceneLighting":false,"audioPlay":false,"sceneViewState":{"showFog":true,"showMaterialUpdate":true,"showSkybox":true,"showFlares":true,"showImageEffects":true,"showParticleSystems":true},"in2DMode":false,"pivot":{"x":-0.0400238037109375,"y":0.0800018310546875,"z":0.0},"rotation":{"x":0.0038788721431046726,"y":0.9961029291152954,"z":-0.06524768471717835,"w":0.059218090027570727},"size":1793.84326171875,"orthographic":false}